Customer_ID,Customer_Active,Group_ID,Date_Added,Customer_Name,Sales_Person,GSTIN,Customer_Address,Customer_City,Customer_State,Customer_Phone,Customer_Email,lrmailid,Customer_Contract_Type,Customer_Credit_Days,Createdby
SH0000054,Active,ARMSTRONG,12-12-2022 05:47,AVANTHIKA INTERIOR SYSTEMs PRIVATE LIMITED,CORPORATE,32AAECA4382L1ZN,"AVANTHIKA INTERIOR SYSTEMs PRIVATE LIMITED
AVANTIKA INTERIOR SYSTEMS (P) LTD
Kaloor, Kochi,695014",Kochi,Kerala,,venu@avantikainteriors.com;salestvm@avantikainteriors.com;accounts@avantikainteriors.com;knauf@avantikainteriors.com,pramod.chilka@knauf.com;anil.pokale@knauf.com;shashikant.patil@knauf.com;cwhouseindia@knauf.com,TBB,30,Migration
SH0000056,Active,ARMSTRONG,7/20/2022 7:42:56 PM,MAC CEILING SYSTEMS,CORPORATE,33ABKFM6829J1ZV,"MAC CEILING SYSTEMS
No.311
Sanganoor,641027",Chennai,Tamil Nadu,,macceilingsystems@gmail.com,pramod.chilka@knauf.com;anil.pokale@knauf.com;shashikant.patil@knauf.com;cwhouseindia@knauf.com,TBB,30,Migration
SH0000060,Active,ARMSTRONG,1/15/2025 2:55:43 PM,OM SAI INTEX PVT LTD,CORPORATE,29AAACO6709P1ZT," 9, Second Floor,
10th Main Road,
Jeevan Bhima Nagar,
Bangalore 560075.",Bangalore,Karnataka,,vendor.mgmt@omsaiintex.com;accounts.one@omsaiintex.com;accounts.three@omsaiintex.com;purchase.five@omsaiintex.com;Purchase.one@omsaiintex.com;Purchase.two@omsaiintex.com;Purchase.five@omsaiintex.com;Purchase.six@omsaiintex.com,pramod.chilka@knauf.com;anil.pokale@knauf.com;shashikant.patil@knauf.com;cwhouseindia@knauf.com,TBB,30,Migration
SH0000065,Active,ARMSTRONG,7/20/2022 7:43:14 PM,ONE SOURCE,CORPORATE,29ABFPD3377B1ZX,"One Source Satya No.23, Ground floor, Shanthi Rd, Shanti Nagar, Bengaluru, Karnataka 560027",Bangalore,Karnataka,,accounts@onesourceglobal.in,pramod.chilka@knauf.com;anil.pokale@knauf.com;shashikant.patil@knauf.com;cwhouseindia@knauf.com,TBB,30,Migration
SH0000067,Active,ARMSTRONG,7/20/2022 7:44:28 PM,CEILING IMPEX PRIVATE LIMITED,CORPORATE,29AACCC8535F1ZK,"29AACCC8535F1ZK-CEILING IMPEX PRIVATE LIMITED
PLOT NO. 435A
NAGAWARA , SARAIPALYA,560077",Bangalore,Karnataka,,rahul@ciplgroup.rahul@ciplgroup.com,pramod.chilka@knauf.com;anil.pokale@knauf.com;shashikant.patil@knauf.com;cwhouseindia@knauf.com,TBB,30,Migration
SH0000346,Active,armstrong,7/21/2022 3:25:36 PM,SAI ARM,CORPORATE,20AKQPR3225A1ZM,"SAI AAWASH, OPP. PANCHSHIL APPARTMENT, CIRCULAR ROAD, LALPUR, Ranchi, Jharkhand, 834001",RANCHI,JHARKHAND,,abc,,TOPAY,30,Migration
SH0000347,Active,ASHIRWAD,9/23/2023 1:35:50 PM,ASHIRWAD EQUIPMENTS PRIVATE LIMITED,CORPORATE,24AGKPJ7872K1ZV,"7A,ICHAPORE INDUSTRAIL CO.OP.
SOCIETY,BUS STAND3,ICHAPORE,SURAT-394510
SCIETY,BUS STAND3,ICHAPORE, CO.OP SOCIETY,BUS STAND,ICHAPORESURAT-394510",SURAT,GUJARAT,,info@dlslogistics.in,,TBB,30,Migration
SH0000349,Active,HRJHON,5/16/2022 3:56:12 PM,PRISM JOHNSON LIMITED -PEN,CORPORATE,27AAACP6224A1ZX,"PRISM JOHNSON LIMITED
HR Johnson (India) Division
Unit- 2, Vill : khar Devli, Gadab,
402107 TAL: PEN, DIST: RAIGAD
INDIA",MUMBAI,MAHARASHTRA,,p.dinesh@hrjohnsonindia.com,p.dinesh@hrjohnsonindia.com,TBB,30,Migration
SH0000210,Active,ARMSTRONG,7/20/2022 7:45:47 PM,SRIADITYA CREATIONS,CORPORATE,37ANTPG5169L1Z7,"BODDAPATI VARI STREET 26-12-1
GANDHINAGAR
VIJAYAWADA,ANDHRA PRADESH-520003",Vijayawada,Andhra Pradesh,,sriadityacreations@gmail.com,pramod.chilka@knauf.com;anil.pokale@knauf.com;shashikant.patil@knauf.com;cwhouseindia@knauf.com,TBB,30,Migration
SH0000196,Active,ARMSTRONG,7/20/2022 7:45:47 PM,BSC INTERIORS PRIVATE LTD,CORPORATE,07AAE CB615 8P1Z,"BLDG NO E-2 F-2 SHREE RAJLAXMI LOGISTICS PARK
NASHIK BYPASS ROAD,VILLAGE VADPE
BHIWANDI,MAHARASHTRA-421302",Bhiwandi,Maharashtra,,praveen.gupta@bscinteriors.in;sagar.verma@bscinteriors.in;shweta.singh@bscinteriors.in,pramod.chilka@knauf.com;anil.pokale@knauf.com;shashikant.patil@knauf.com;cwhouseindia@knauf.com,TBB,30,Migration
SH0000197,Active,ARMSTRONG,7/20/2022 7:45:47 PM,RICHI INTERIORS,CORPORATE,36AAG FR138 4L1Z,"BLOCK NO.03 G9 10-15 ,16 FLR
DIVYASHREE NSL INFRA PVT LTD SEZ
ITITES RANGA REDDY HYDERABAD,TELANGANA-500082",Hyderabad,Telangana,,admin@richiinteriors.com,pramod.chilka@knauf.com;anil.pokale@knauf.com;shashikant.patil@knauf.com;cwhouseindia@knauf.com,TBB,30,Migration
SH0000198,Active,ARMSTRONG,7/20/2022 7:45:47 PM,ODD JOBS INDIA PRIVATE LIMITED TELANGANA,CORPORATE,36AABCO7955N,"PLOT NO 75
PRASHANTI NAGAR
KUKATPALLY HYDERABAD,TELANGANA-500032",Hyderabad,Telangana,,warehouse@oddjobsindia.com; accounts@oddjobsindia.com,pramod.chilka@knauf.com;anil.pokale@knauf.com;shashikant.patil@knauf.com;cwhouseindia@knauf.com,TOPAY,30,Migration
SH0000032,Active,ARMSTRONG,7/20/2022 7:42:16 PM,PREMIER METALS AND ENGINEERING CORPORATION,CORPORATE,29AAEFP9285G1ZO,"28A, Cunningham Rd, Vasanth Nagar, Bengaluru, Karnataka 560052",Bangalore,Karnataka,,pmecb1@gmail.com,pramod.chilka@knauf.com;anil.pokale@knauf.com;shashikant.patil@knauf.com;cwhouseindia@knauf.com,TBB,30,Migration
SH0000035,Active,ARMSTRONG,7/20/2022 7:42:22 PM,TRIDENT HOLDINGS,CORPORATE,29ACDPV4084G1Z7,"TRIDENT HOLDINGS
NO.492
Mahadevapura Urban Banglore,560048",Bangalore,Karnataka,,tridentholdings@yahoo.co.in,pramod.chilka@knauf.com;anil.pokale@knauf.com;shashikant.patil@knauf.com;cwhouseindia@knauf.com,TBB,30,Migration
SH0000044,Active,ARMSTRONG,05-08-2024 14:46,INTECH SYSTEMS,CORPORATE,33AGQPJ8935R1ZE,"52, Muniratnam Street,Ayyavoo Colony,, Aminjikarai,Chennai, Chennai, Tamil�Nadu,�600029",Chennai,Tamil Nadu,,office@intechsystems.in,pramod.chilka@knauf.com;anil.pokale@knauf.com;shashikant.patil@knauf.com;cwhouseindia@knauf.com,TBB,30,Migration
SH0000050,Active,ARMSTRONG,7/20/2022 7:42:38 PM,SYNERGY INTERIORS,CORPORATE,36AHDPG1457B1ZW,"PARK SQUARE PLOT.NO.3A
Hyderabad,500034",Hyderabad,Telangana,,synergyinteriors1@gmail.com,pramod.chilka@knauf.com;anil.pokale@knauf.com;shashikant.patil@knauf.com;cwhouseindia@knauf.com,TBB,30,Migration
SH0000485,Active,TECHPRO,12/29/2024 10:24:41 AM,TECH PRO ENGINEERING CO.,SUKHBIR,06AARPS3678M1ZP,"PLOT NO.132, PHASE-IV, SECTOR-57, KUNDLI, Sonipat, Haryana, 131028",SONIPAT,HARYANA,,rohitrathor743@gmail.com;techpro.rohit95@gmail.com,rohitrathor743@gmail.com;techpro.rohit95@gmail.com,TBB,30,Manoj
SH0000486,Active,ARMSTRONG,01-02-2025 09:05,SHREE BALAJI INDUSTRIES,CORPORATE,22ADEPB9540K1ZQ,"NEAR SHAKAMBARI DHARMKANTA, BHANPURI ROAD, BHANPURI, Raipur, Raipur, Chhattisgarh, 492001",RAIPUR,CHATTISGARH,,info@dlslogistics.in,info@dlslogistics.in,TOPAY,10,Manoj
SH0000487,Active,INGRAM,01-03-2025 16:52,INGRAM MICRO INDIA PRIVATE LIMITED,GOPINATH,32AABCT1296R1ZW,CO DLS LOGISTICS PVT LTD GROUND FLOOR SURYAKANTI ARCADE BLDG NO 606244 A5 CHALAPURAM CALICUT 673002,CALICUT,KERALA,,Mohan.Kumar@ingrammicro.com,Mohan.Kumar@ingrammicro.com,TBB,30,Calicut
SH0000488,Active,NEOSPAR,1/15/2025 2:11:22 PM,NEOSPAR CONCEPT,Ashutosh Pandey,27AAEFN4117H1ZF,"1, LALAN BLDG, PANCH RASTA, DEVIDAYAL ROAD, Mumbai Suburban, Maharashtra, 400080",MUMBAI,MAHARASHTRA,9885570178,info@solyxindia.com,info@solyxindia.com,TBB,30,Sameer
SH0000489,Active,U R C CONSTRUCTION,02-07-2025 15:53,U R C CONSTRUCTION PRIVATE LIMITED,MANOJ SIR,33AAACU2425Q1Z7,TATA ELECTRONICS BMS 57 SF NO.8421.9181 UDDANAPALLI VILLAGE SHOOLAGIRI TALUKA KRISHNAGIRI-635119,KRISHNAGIRI,TAMIL NADU,,karthikeyan.rathinam@urcc.in,karthikeyan.rathinam@urcc.in,TBB,30,Sameer
SH0000490,Active,COMPLETE,03-05-2025 16:44,COMPLETE INFRASTRUCTURE PRIVATE LIMITED,MANOJ SIR,06AAECC6994N1ZY,"Asodha Killa No. 11318 (8-0), 101 (6-14)), Asodha Bahadurgarh, Jhajjar Bahadurgarh, Bahadurgarh, Jhajjar, Haryana, 124507",JHAJJAR,HARYANA,,Rahul Chaudhary <rahul@ciplgroup.com>,Rahul Chaudhary <rahul@ciplgroup.com>,TBB,30,Sameer
SH0000491,Active,JIKA,9/22/2025 12:39:01 PM,JIKA EPC SERVICES LIMITED,VILAS SIR,27AAFCJ2302N1ZK,"1302 Kamdhenu 23 West, MIDC Industrial Area,�
Thane Belapur Rd., Pawne, Navi�Mumbai-�400709",NAVI MUMBAI,MAHARASHTRA,,dispatch@rssipl.com,dispatch@rssipl.com,TBB,30,Sameer
SH0000492,Active,ACTBLENDX,03-08-2025 11:51,ACTBLENDX INGREDIENTS PRIVATE LIMITED,SUKHBIR,06AAICM1636K1ZD,"2nd floor, Plot no. 22, Plot no. 22, sector-8, fermentis, IMT Manesar, Manesar, Gurugram, Haryana, 122051",GURGAON,HARYANA,,actblendx@gmail.com,actblendx@gmail.com,TBB,30,Sameer
SH0000493,Active,TIRUPATI,03-11-2025 12:58,TIRUPATI INDUSTRIES,SUKHBIR,08AAFFT7016A1ZI,"00, F-638, 00, KUSHKEDA, BHIWADI, Alwar, Rajasthan, 301707",ALWAR,RAJASTHAN,9311626015,tirupati79@rediffmail.com,tirupati79@rediffmail.com,TBB,30,Sameer
SH0000494,Active,WALKAROO,3/13/2025 11:46:56 AM,WALKAROO INTERNATIONAL PRIVATE LIMITED,SUKHBIR,29AADCV8760C2Z2,"SURVEY NO 579 AND 580,CHIKKAIAHANA CHATHRA HOBLI,THANDAVAPURA VILLAGE NANJANGUD TALUK,MYSORE KARNATAKA -571302",MYSORE,KARNATAKA,,tushar.patil@walkaroo.in,tushar.patil@walkaroo.in,TBB,30,Sameer
SH0000495,Active,GP PETROLEUMS,3/29/2025 11:58:53 AM,GP PETROLEUMS LIMITED,VILAS,27AABCS5295B1ZE,"8TH FLOOR, 804, ACKRUTI STAR, MIDC CENTRAL ROAD, ANDHERI EAST, Mumbai Suburban, Maharashtra, 400093",MUMBAI,MAHARASHTRA,8888161281,"	Vithal Kadam <vithal.kadam@gpglobal.com>","	Vithal Kadam <vithal.kadam@gpglobal.com>",TBB,30,Sameer
SH0000496,Active,MARK TECH,04-09-2025 11:02,MARK TECH POLYMERS PRIVATE LIMITED,SUKHBIR,08AAJCM2354D1ZM,"INDUSTRIAL AREA ,GHILOTH, A-151, MARK TECH POLYMERS PRIVATE LIMITED, GHILOTH, GHILOTH, Alwar, Rajasthan, 301706",ALWAR,RAJASTHAN,8875314854,"dispatchg1@marktechpolymers.com,","dispatchg1@marktechpolymers.com,",TBB,60,Sameer
SH0000497,Active,GLOBAL,4/24/2025 11:20:42 AM,GLOBAL CERAMICS PRIVATE LIMITED,SUKHBIR,08AADCG1933A1Z5,"PLOT NO. SP3-161, 162, INDUTRIAL AREA GHILOTH, SHAHJAHANPUR, Alwar, Rajasthan, 301706",ALWAR,RAJASTHAN,,GHILOTHACCOUNTS@GLOCERA.COM,GHILOTHACCOUNTS@GLOCERA.COM,TBB,45,Sameer
SH0000498,Active,ESME,4/26/2025 12:03:25 PM,ESME CONSUMER PRIVATE LIMITED,SUKHBIR,05AABCN4641A1Z3,"25, Sec- 6B IIE, SIIDCUL, Haridwar, Uttarakhand, 249403",HARDWAR,UTTARAKHAND,8302696220,Dispatch@urbantot.in,Dispatch@urbantot.in,TBB,30,Sameer
SH0000499,Active,DEEPAK,4/26/2025 12:34:07 PM,DEEPAK HOUSEWARE & TOYS LIMITED,SUKHBIR,08AAHCD8936G1ZB,"G-1056, Phase III, Riico Industrial Area, BHIWADI, Alwar, Rajasthan, 301019",ALWAR,RAJASTHAN,8302696220,Dispatch@urbantot.in,Dispatch@urbantot.in,TBB,30,Sameer
SH0000500,Active,SAI TRADERS,05-05-2025 14:02,SAI TRADERS,SUKHBIR,10ACEFS4741G1ZH,"NH 31, NH 31, HARRAKH, Begusarai, Bihar, 851101",BEGUSARAI,BIHAR,,global@glocera.com,global@glocera.com,TBB,30,Sameer
SH0000501,Active,G-RIYA,05-09-2025 12:28,G-RIYA BATH FITTING,SUKHBIR,06ANNPR5060M1ZF,"NEAR POOJA MARBLE, A-5 NEAR POOJA MARBLE, RAJIV NAGAR, GURGAON, GURGAON, Gurugram, Haryana, 122001",GURGAON,HARYANA,8750271271,g.riyabathfitting@gmail.com,g.riyabathfitting@gmail.com,TBB,30,Sameer
SH0000502,Active,ALWAR,5/21/2025 11:34:47 AM,ALWAR MANUFACTURERS PVT.LTD,MANOJ VERMA,08AABCA7710K1ZP,"E-168-169, M.I.AREA,ALWAR, ALWAR, Alwar, Rajasthan, 301030",ALWAR,RAJASTHAN,7506627177,Ampl.alwar@gmail.com,Ampl.alwar@gmail.com,TBB,30,Sameer
SH0000503,Active,KULARIA,5/21/2025 2:46:21 PM,KULARIA INDUSTRIES,VILAS SIR,29AKBPK7668M2ZD,"G-FLOOR, NO 158, HOSA ROAD ELECTRONIC CITY POST, NAGANATHAPURA, Bengaluru, Bengaluru Urban, Karnataka, 560100",BANGALORE,KARNATAKA,9819515194,info@dlslogistics.in,info@dlslogistics.in,TBB,30,Sameer
SH0000504,Active,SHIV,5/24/2025 11:53:31 AM,SHIV TRADING CO,MANOJ VERMA,08AVYPK4572A1Z9,"WARD NO 10, VILL KARDKA, POST THOI TEH SHRIMADHOPUR, Sikar, Rajasthan, 332719",SIKAR,RAJASTHAN,9971555880,balluram46@gmail.com,balluram46@gmail.com,TBB,30,Sameer
SH0000505,Active,MADHUBAN,5/28/2025 3:51:03 PM,MADHUBAN CERAMIC,MANOJ VERMA,24CLBPD7185D1ZE,"3, NANDANVAN SOCIETY, VAVADI ROAD, MORBI, Morbi, Gujarat, 363641",MORBI,GUJARAT,9904849620,brajeshkumarthan@gmail.com,brajeshkumarthan@gmail.com,TBB,30,Sameer
SH0000506,Active,ROHINI,06-09-2025 12:01,ROHINI CERAMICS,MANOJ VERMA,07AUGPJ5726Q1Z1,"KHASRA NO. 105,, MAIN IGNOU ROAD,, NEB SARAI,, New Delhi, Delhi, 110068",NEW DELHI,DELHI,,rkumar.alps@gmail.com,rkumar.alps@gmail.com,TBB,30,Sameer
SH0000276,Active,ARMSTRONG,7/20/2022 7:45:47 PM,BUILDCRAFT INTERIOR PVT LTD.,CORPORATE,33AACCB2106P1ZW,"NO.2, 8 TH FLOOR, KRM CENTRE, HARRINGTON ROAD, CHETPET, CHENNAI, TAMIL NADU, 600031",CHENNAI,Tamil Nadu,,balaji@buildcraft.co.in,pramod.chilka@knauf.com;anil.pokale@knauf.com;shashikant.patil@knauf.com;cwhouseindia@knauf.com,TOPAY,30,Migration
SH0000279,Active,ARMSTRONG,7/20/2022 7:45:47 PM,J.K Traders,CORPORATE,33CQLPK6577K1Z7,"No.4258 Andankovil Pudtur,Covil Road Andancovil Post Karur ,Tamil Nadu - 639002",karur,Tamil Nadu,,,pramod.chilka@knauf.com;anil.pokale@knauf.com;shashikant.patil@knauf.com;cwhouseindia@knauf.com,TOPAY,30,Migration
SH0000284,Active,ARMSTRONG,7/20/2022 7:45:47 PM,R R ENTERPRISES,CORPORATE,18AAEFR4733K1ZX,"MP KHAITAN NORTH BENGAL NEAR CANCER DEPT SUPER SPECIALLTY BLOCK SILIGURI,WEST BENGAL-734102",siliguri,West Bengal,,,pramod.chilka@knauf.com;anil.pokale@knauf.com;shashikant.patil@knauf.com;cwhouseindia@knauf.com,TOPAY,30,Migration
SH0000285,Active,ARMSTRONG,7/20/2022 7:45:47 PM,MADAAN INTERIORS,CORPORATE,03AJSPM5339H2ZX,"SOUTH MODEL GRAM 110-A KOCHAR MARKET ROAD LUDHIANA,PUNJAB-141002",ludhiana,Punjab,,,pramod.chilka@knauf.com;anil.pokale@knauf.com;shashikant.patil@knauf.com;cwhouseindia@knauf.com,TOPAY,30,Migration
SH0000287,Active,ARMSTRONG,08-04-2023 16:30,RANGOLI MARKTING COMPANY,CORPORATE,36AACFR1339M1Z1,"8-2-686B6MK, THE LAXMI BUILDING , ROAD NO ; 12,
BANJARAHILLS- HYDERABAD.BANJARAHILLS- HYDERABAD.",Hyderabad,Telangana,,rangoli.rmc@gmail.com,pramod.chilka@knauf.com;anil.pokale@knauf.com;shashikant.patil@knauf.com;cwhouseindia@knauf.com,TOPAY,5,Migration
SH0000289,Active,THERMO,12/15/2021 1:15:21 PM,ELEGANCE SCIENTIFICS,CORPORATE,36APBPK7288N1Z7,"HYDERABAD NO.23, GROUND FLOOR, RTC X ROADS HYDERABAD,TELANGANA-500020",hyderabad,Telangana,,,sharad@thermofisher.com;rohan.patil@thermofisher.com;vishal.randhavi@thermofisher.com;mithun.tare@thermofisher.com;roshan.patil@thermofisher.com,TOPAY,30,Migration
SH0000292,Active,ARMSTRONG,08-08-2023 12:21,CO-FOAM AGENCIES,CORPORATE,21AGVPS4580J1ZS,"102 STATION SQUARE, KHARVEL NAGAR BHUBANESWAR,ODISHA-751001",BHUBANESWAR,Odisha,,cofoamagencies@gmail.com,pramod.chilka@knauf.com;anil.pokale@knauf.com;shashikant.patil@knauf.com;cwhouseindia@knauf.com,TOPAY,30,Migration
SH0000507,Active,PANTHER,06-09-2025 12:14,PANTHER OVERSEAS,MANOJ VERMA,24EHDPS1408G1ZK,"5, 205, NAKSHATRA COMPLEX, SADHUVASHVANI ROAD, UNIVERSITY ROAD, Rajkot, Gujarat, 360005",RAJKOT,GUJARAT,,rkumar.alps@gmail.com,rkumar.alps@gmail.com,TBB,30,Sameer
SH0000508,Active,TEGAMEN SAFETY,06-10-2025 11:38,TEGAMEN SAFETY PRODUCTS PRIVATE LIMITED,MANOJ VERMA,08AAICT0957G1Z5,"SP7-52, RIICO Industrial Area, Industrial Area Ghiloth, Kotputli Behror, Rajasthan, 301705",GHILOTH,RAJASTHAN,,sachin.yadav@tegamensafetyproducts.com,sachin.yadav@tegamensafetyproducts.com,TBB,30,Sameer
SH0000509,Active,GIRDHARI LAL,6/26/2025 2:40:26 PM,GIRDHARI LAL CONSTRUCTIONS PRIVATE LIMITED,MANOJ SIR,36AABCG9035B1ZX,"PLATFORM NO.10, NEAR RPF DOG SQUARD OFFICE OUTSIDE, S.C.RLY,RAIL NIRMAN NILAYAM, Raifalgunj Railway Quarters, Secunderabad, Hyderabad, Telangana, 500071",HYDERABAD,TELANGANA,,pramod.chilka@knauf.com;anil.pokale@knauf.com;shashikant.patil@knauf.com;cwhouseindia@knauf.com,pramod.chilka@knauf.com;anil.pokale@knauf.com;shashikant.patil@knauf.com;cwhouseindia@knauf.com,TBB,30,Sameer
SH0000510,Active,BIOINGREDIA,7/25/2025 1:08:59 PM,BIOINGREDIA NATURAL PRIVATE LIMITED,GOPINATH,32AAGCB1593G1ZW,"3RD FLOOR, 231186, Pocudyil Plaza, Civil Line Road, Padamugal, Ernakulam, Kerala, 682030",ERNAKULAM,KERALA,,accounts@bioingredia.com,accounts@bioingredia.com,TBB,30,Sameer
SH0000511,Active,COUNTRYWIDE,10-01-2025 13:03,COUNTRYWIDE LOGISTICS INDIA PRIVATE LIMITED,GOPINATH,24AAECC7577P1ZZ,"101, CHITRARATH COMPLEX, NEAR PRESIDENT HOTEL, SWASTIC CROSS ROAD, CG ROAD, Ahmedabad, Gujarat, 380009",AHMADABAD,GUJARAT,,Channel_Partner@countrywidelogistics.co.in,Channel_Partner@countrywidelogistics.co.in,TBB,30,Sameer
SH0000512,Active,RHINO MOTOR,11-08-2025 13:12,RHINO MOTOR STARTER AND PANELS,SUKHBIR,09ABGFR2035R1ZN,"PLOT NO 444, UDYOG KENDRA II, Greater Noida, Greater Noida, Gautambuddha Nagar, Uttar Pradesh, 201306",NOIDA,UTTAR PRADESH,8800834745,ID.rhinomspanels@gmail.com,ID.rhinomspanels@gmail.com,TBB,15,Sameer
SH0000071,Active,SKYLINE,12/15/2021 1:17:40 PM,SKYLINE FOOD PRODUCTS LLP,CORPORATE,27ACLFS7793K1Z4,Om Taarak Bldg. Madhvi Complex Om Mandir Road Sonale Village,Bhiwandi,Maharashtra,,skylinefoodsacct@gmail.com,skylinefoodsacct@gmail.com,TBB,30,Migration
SH0000077,Active,ARMSTRONG,7/20/2022 7:45:47 PM,CARMEL AGENCIES,CORPORATE,32ACNPJ8561E1ZK,"44372, MKK NAIR ROAD, PALARIVATTOM, Ernakulam, Kerala, 682025.",cochin,Kerala,,carmelgyprofiles@gmail.com;info@carmelgyprofiles.com,pramod.chilka@knauf.com;anil.pokale@knauf.com;shashikant.patil@knauf.com;cwhouseindia@knauf.com,PAID,0,Migration
SH0000079,Active,ARMSTRONG,7/20/2022 7:45:47 PM,ARMSTRONG WORLD INDUSTRIES INDIA PVT. LTD.,CORPORATE,27AACCA0171F1Z6-,"ARMSTRONG WORLD INDUSTRIES INDIA PVT. LTD.
E2F2 RAJLAXMI LOGISTICS PARK
BHIWANDI,421302",Bhiwandi,Maharashtra,,CWHouseindia@knaufarmstrong.com,pramod.chilka@knauf.com;anil.pokale@knauf.com;shashikant.patil@knauf.com;cwhouseindia@knauf.com,TBB,15,Migration
SH0000080,Active,ARMSTRONG,7/20/2022 7:45:47 PM,VENUS ENTERPRISES,CORPORATE,32AGMPN4301R1Z4,"32AGMPN4301R1Z4-VENUS ENTERPRISES
2628, PRASEETH BUILDING
OPP: HiLITE MALL, CALICUT,673014",calicut,Kerala,,venusgypsumcalicut@gmail.com,pramod.chilka@knauf.com;anil.pokale@knauf.com;shashikant.patil@knauf.com;cwhouseindia@knauf.com,TBB,30,Migration
SH0000424,Active,ASHIRWAD,9/13/2023 5:40:54 PM,RAVINDRA AIRPRODUCTS PRIVATE LIMITED,CORPORATE,36AAJCR7557H1ZV,"A 16, ROAD N0 9, NACHARAM, Medchal Malkajgiri, Telangana, 500076",HYDERADAD,TELANGANA,,info@dlslogistics.in,info@dlslogistics.in,TBB,30,Migration
SH0000425,Active,NCC,1/19/2024 1:39:14 PM,DEXTRA INDIA PVT LTD,Suhas,27AABCD4112C1ZD,"Ground Floor, Unit No.1, 215 Atrium, Tower 2, Andheri Kurla Road, Andheri East, Mumbai Suburban, Maharashtra, 400059",MUMBAI,MAHARASHTRA,86600 62494,rob.mtrl@nccltd.in,rob.mtrl@nccltd.in,TBB,30,Migration
SH0000426,Active,ARMSTRONG,1/19/2024 1:39:07 PM,M/S AKHIL GASES,Hemant,29AALFA1165B1ZR,"Sri Chamundeshwari Sugars Premises, Akhil Gases, Annur Road, K M Doddi, Mandya, Karnataka, 571422",BANGALORE,KARNATAKA,,info@dlslogistics.in,info@dlslogistics.in,TBB,30,Migration
SH0000427,Active,ASHIRWAD,9/30/2023 12:19:11 PM,Baramati Oxygen,CORPORATE,27AHJPG8077F1Z3,C-20 MIDC Baramati Near Fire Station And A.K Industries MIDC Baramati 413133,,MAHARASHTRA,,info@dlslogistics.in,,TOPAY,30,Migration
SH0000428,Active,ARMSTRONG,11-10-2023 11:52,APRIES INDIA PRIVATE LIMITED,CORPORATE,06AAWCA9667J1ZQ,"KHEWAT NO. 436413, KHATONI NO. 451, JAKHODA, BAHADURGARH, APRIES INDIA PRIVATE LIMITED, Delhi Rohtak Road, BLS Institute of Technology Management, Sankhol, Jhajjar, Haryana, 124505",BAHADURGARH,HARYANA,99589 91171,rahul@ciplgroup.com,rahul@ciplgroup.com,TBB,30,Migration
SH0000429,Active,NAVYA,1/19/2024 1:39:27 PM,UDAY CONSTRUCTION,Suhas,22AACFU4604L1ZB,"KULIPOTA, CHAMPA, JANJGIR, Janjgir Champa, Chhattisgarh, 495668",JANJGIR-CHAMPA,Chhattisgarh,98330 32139,navyacables123@gmail.com,navyacables123@gmail.com,TBB,30,Migration
SH0000430,Active,ANUJ ELECTRICAL,11/27/2023 12:44:38 PM,ANUJ ELECTRICAL SERVICES,CORPORATE,27AQAPM4604L1ZT,"102, OM PUSHPAK CHS LTD, SAMATA NAGAR, OPP.DEVDAYA PARK,, THANE WEST, Thane, Maharashtra, 400606",THANE,Maharashtra,80102 46933,info@dlslogistics.in,info@dlslogistics.in,TBB,30,Migration
SH0000431,Active,FURNITURE KRAFT,12/18/2023 5:39:21 PM,NAV DURGA TRADING AGENCY,CORPORATE,10AELPP2383Q2Z0,"SALEMPUR, TEKARI, GAYA, Gaya, Bihar, 824236",Gaya,BIHAR,+91 80102 46933,info@dlslogistics.in,,TBB,30,Migration
SH0000433,Active,PACIFIC ORGANICS,1/18/2024 12:00:34 PM,PACIFIC ORGANICS PVT LTD,Hemant,27AABCP8168Q1ZK,"Plot No N-4, PACIFIC ORGANICS PVT LTD, ADD MIDC, ANAND NAGAR, AMBARNATH, Thane, Maharashtra, 421506",THANE,MAHARASHTRA,+91 80102 46933,info@dlslogistics.in,info@dlslogistics.in,TBB,30,Sanketh
SH0000434,Active,OFFSHORE,2/26/2024 4:19:11 PM,OFFSHORE INFRASTRUCTURES LIMITED,DURGESH,22AAACO1012F2ZD,"278, Sun City, Surya Mandir, Near Surya Mandir, Lalbaugh, Lalbaugh, Jagdalpur, Bastar, Chhattisgarh, 494001",Jagdalpur,CHATTISGARH,92264 97747,info@dlslogistics.in,info@dlslogistics.in,TBB,30,Sanketh
SH0000435,Active,HRJOHN,03-02-2024 11:36,VISION TILES GALLERY,Suhas,29AANFV1342H1ZX,"ward 15, J C Road, Sagar, Shivamogga, Karnataka, 577401",Kambalikoppa,Karnataka,9594030393,visiontilesgallery@gmail.com,visiontilesgallery@gmail.com,TBB,30,Sanketh
SH0000436,Active,ARMSTRONG,03-02-2024 13:56,KAPLINKS ENGINEERING PVT LTD,Suhas,27AACCK9596Q1ZE,"GROUND FLOOR, 12, SHIVSAGAR INDUSTRIAL ESTATE, KOTKAR ROAD, GOREGAON EAST, Mumbai Suburban, Maharashtra, 400063",MUMBAI,Maharashtra,99589 91171,rahul@ciplgroup.com,rahul@ciplgroup.com,TBB,30,Sanketh
SH0000437,Active,HRJOHN,3/13/2024 12:44:19 PM,CHICAGO CONSTRUCTION CO,Suhas,18ABZPS6291F1ZQ,"PLOT NO.5B, BRAHMAPUTRA INDUSTRIAL PARK, NORTH GUWAHATI, Kamrup, Assam, 781031",,ASSAM,9872279944 / 98157 31320,tbksanitarysales@gmail.com,tbksanitarysales@gmail.com,TOPAY,30,Sanketh
SH0000438,Active,HRJOHN,3/28/2024 1:33:00 PM,MIRAJ CERAMICA,Suhas,27ADWPS0916J1ZX,"PLOT NO 3, C S NO 894, NEAR EXCISE OFFICE, MIRAJ, Sangli, Maharashtra, 416410",SANGLI,MAHARASHTRA,92846 32524,sangliceramica@gmail.com,sangliceramica@gmail.com,TBB,30,Sanketh
SH0000439,Active,ALUMIL SYSTEMS,5/21/2024 5:05:55 PM,ALUMIL SYSTEMS INDIA PRIVATE LIMITED,Suhas,27AANCA2525N2ZB,"9th Floor,Plot no.9, Office no. 901,902, The Affaires, Palm Beach Raod, Moraj Residency, Sanpada, Navi Mumbai, Thane, Maharashtra, 400705",NAVI MUMBAI,Maharashtra,9762776729,"p.pathak@alumil.com,Sachin Sapkal <s.sapkal@alumil.com","p.pathak@alumil.com,Sachin Sapkal <s.sapkal@alumil.com",TBB,30,Sanketh
SH0000440,Active,FUSO GLASS,5/27/2024 12:37:44 PM,FUSO GLASS INDIA PVT LTD,Hemant,27AABCM9798H1ZS,"42, Shree Dattaguru Complex, Murbad MIDC Road, Murbad Police Station, Murbad, Thane, Maharashtra, 421401",THANE,Maharashtra,80102 46933,"SALES@FUSO.IN,ADMIN@FUSIO.IN","SALES@FUSO.IN,ADMIN@FUSIO.IN",TBB,30,Sanketh
SH0000441,Active,OOFOAM,06-06-2024 10:56,OOFOAM FOOTWEARS PRIVATE LIMITED,Hemant,07AADCO0626Q1Z6,"BLK B, PLOT NO 80, MANGOLPURI, INDUSTRIAL AREA PH-2, North West Delhi, Delhi, 110083",DELHI,Delhi,9310189393,oofoamfootwears@gmail.com,oofoamfootwears@gmail.com,TBB,30,Sanketh
SH0000442,Active,CHADHA SALES,06-12-2024 11:58,CHADHA SALES PRIVATE LIMITED,SUKHIR,06AAACC3265E1Z3,"CHADHA SALES P LTD, GT ROAD BIGHAN, MURTHAL, Sonipat, Haryana, 131039",SONIPAT,HARYANA,93116 89422,info@dlslogistics.in,info@dlslogistics.in,TBB,30,Sanketh
SH0000443,Active,R R OOMERBHOY,6/13/2024 11:49:18 AM,R R OOMERBHOY PVT LTD,Hemant,27AAACR2364M1Z5,"2ND FLOOR, FLAT NO 05,, SOONA MAHAL BUILDING, VEER NARMAN ROAD, 143 MARINE DRIVE, Mumbai, Maharashtra, 400020",MUMBAI,Maharashtra,9004119202,info@dlslogistics.in,info@dlslogistics.in,TBB,30,Sanketh
SH0000444,Active,ARMSTRONG,6/24/2024 4:04:34 PM,FORTUNE TRADERS,Manoj,33BBXPP7219R1ZJ,"1,2,3, 7144 A B C, PREMAPARTHIPAN TOWERS, Yercaud main road, Kondappanaickanpatty, SALEM, Salem, Tamil Nadu, 636008",SALEM,TAMIL NADU,,info@dlslogistics.in,info@dlslogistics.in,TBB,30,Sanketh
SH0000445,Active,VK Patel,07-01-2024 13:25,SHIVAJEE DOORS AND SANITARY WARE,Hemant,09AEJPA7232B1ZY,"1025 ka, SHIVAJI MARG, LUCKNOW, Lucknow, Uttar Pradesh, 226018",LUCKNOW,UTTAR PRADESH,,info@dlslogistics.in,info@dlslogistics.in,TBB,30,Sanketh
SH0000446,Active,MUN HEALTH,07-03-2024 17:38,MUN HEALTH PRODUCT INDIA  PRIVATE LIMITED,Suhas,27AAGCP8438G1Z3,"Plot No 123, Jawahar Cooperative Industrial Estate Ltd, Kamothe Road, Taluka Panvel, Navi Mumbai, Raigad, Maharashtra, 410209",PANVEL,Maharashtra,9573852004,Surendra.arangi@munglobal.com,Surendra.arangi@munglobal.com,TBB,30,Sanketh
SH0000447,Active,SHAIL ENTERPRISES,07-09-2024 12:06,SHAIL ENTERPRISES,Suhas,05ACGPG5736K2ZI,"Near Voiceroy Grand, 00, Sewla Kala GMS Road, Opposit Shri Ram Tower, Dehradun, Dehradun, Uttarakhand, 248171",Dehradun,UTTARAKHAND,9412018555,shailza234@gmail.com,shailza234@gmail.com,TBB,30,Sanketh
SH0000449,Active,ALLIGO HORIZON,7/17/2024 12:45:42 PM,ALLIGO HORIZON PRIVATE LIMITED,YOGESH,27AAHCA8881H1Z8,"Gala No. 3,4, 5, 11  12, Sainath Warehouse, Jaulkegaon, Jaulkegaon, Ozar, Nashik, Maharashtra, 422206",NASHIK,MAHARASHTRA,9860551950,horizonagro.works@gmail.com,horizonagro.works@gmail.com,TBB,30,Sanketh
SH0000001,Active,MIDAS,12/16/2021 8:14:39 PM,MIDAS HYGIENE INDUSTRIES PVT LTD,CORPORATE,36AAACR9647P2ZJ,"A-650 T T C Industrial Area, MIDC, Near Ramnath Solar Bus Stop, Mahape Navi Mumbai",Vashi,Maharashtra,02227651150,midas09actsdept@gmail.com,ravinairaccts@midashygiene.net,TBB,30,Migration
SH0000352,Active,HRJOHN,4/29/2022 5:24:27 PM,RISHITATVA CERAMICS PRIVATE LIMITED,CORPORATE,27AAECT4319E1ZH,"PLOT NO 1,2,3, HINGNA ROAD, HINGNA ROAD NEAR T POINT, Nagpur, Maharashtra, 440016",NAGPUR,MAHARASHTRA,9999999999,manoj@dlslogistics.in,manoj@dlslogistics.in,TOPAY,5,Migration
SH0000353,Active,ASHIRWAD,05-02-2022 12:42,ERODE AIR PRODUCTC PVT LTD,CORPORATE,33AABCE7714K1ZO,"PLOT J-2 SIPCOT INDUSTRIAL GROWTH CENTER KOVAI NH ROADPERUNDURAI Tamil Nadu 638052 KOVAI NH ROADPERUNDURAI,TAMIL NADU-638052",Perundurai,TAMIL NADU,,erodeair@yahoo.com,,TOPAY,30,Migration
SH0000356,Active,HRJHON,06-02-2022 14:53,INTERIOR ELEMENTS,CORPORATE,22AQNPT0990K1ZC,"C-69,70, INTERIOR ELEMENTS, SECTOR-5, DEVENDRA NAGAR, Raipur, Chhattisgarh, 492000",RAIPUR,CHATTISGARH,999999999,info@dlslogistics.in,info@dlslogistics.in,TOPAY,30,Migration
SH0000357,Active,NAVYA,1/19/2024 1:37:46 PM,NAVYA CABLES AND CONDUCTOR PRIVATE LIMITED,Suhas,27AAFCN3485J1Z2,"PLOT NO.062, 1ST FLOOR, HARI NIWAS, S V ROAD, OPP ROHIT TIMBER MART, KHAR WEST, Mumbai, Maharashtra, 400052",MUMBAI,MAHARASHTRA,9999,navyacables123@gmail.com,navyacables123@gmail.com;info@dlslogistics.in,TBB,30,Migration
SH0000358,Active,HRJHON,07-11-2022 15:52,VISMAYA GALLERIA,CORPORATE,29AARFV4713A1Z2,"205111, SAROVARA ARCADE, HENNUR MAIN ROAD, BANGALORE, Bengaluru Urban, Karnataka, 560043",BANGALORE,KARNATAKA,9999,manoj@dlslogistics.in,,TOPAY,10,Migration
SH0000359,Active,ARMSTRONG,08-02-2022 18:56,NEW CREATIVE FIBRE GLASS CHHATTISGARH,CORPORATE,22ACAPT6055E1ZV,"AMAPARA CHOWK,
LAKHE NAGAR
RAIPUR,CHHATTISGARH-492001",RAIPUR,CHHATTISGARH,,info@dlslogistics.in,"Chilka, Pramod"" <Pramod.Chilka@knauf.com",TBB,30,Migration
SH0000362,Active,ARMSTRONG,7/26/2022 3:21:33 PM,INTERNATIONAL COOLING SOLUTION,CORPORATE,18AABFI8663C1ZD,"NA, VISHNU MANDIR PATH, GUWAHATI, Kamrup Metropolitan, Assam, 781012",GUWAHATI,ASSAM,9830110485,inter_coolingsolution@yahoo.co.in,cwhouseindia@knauf.com,TBB,15,Migration
SH0000363,Active,HRJHON,08-04-2022 13:33,TBK DEZINER'S HOME PRIVATE LIMITED,CORPORATE,27AADCT2164N1Z0,"PLOT NO 21, SECTOR 1, MUMBAI PANVEL HIGHWAY, NEAR JUL NAGAR RLY STATION, NERUL, NAVI MUMBAI, Mumbai, Maharashtra, 400706",NAVI MUMBAI,MAHARASHTRA,9892670321,shaikh.waqar@yahoo.com,info@dlslogistics.in,TBB,30,Migration
SH0000364,Active,ARMSTRONG,08-06-2022 17:48,TRANS ENTERPRISES,CORPORATE,32BOEPJ0421H1ZM,"373634 A 501191 A3, AMALA CENTRE, RAILWAY STATION ROAD, EDAPPALLY, Ernakulam, Kerala, 682024",Kerala,KERALA,,info@dlslogistics.in,info@dlslogistics.in,TBB,30,Migration
SH0000365,Active,ARMSTRONG,08-10-2022 22:39,KNAUF CEILING SOLUTIONS (INDIA) PRIVATE LIMITED,CORPORATE,27AAACW7145B1ZI,"E-2, F-2, Opp. Bypass Police Chowky, Bhiwandi Nasik Bypass Naka, Village Vadpe, Thane, Maharashtra, 42130",BHIWANDI,MAHARASHTRA,,kiran.mistry@knauf.com,pramod.chilka@knauf.com;anil.pokale@knauf.com;shashikant.patil@knauf.com;cwhouseindia@knauf.com,TBB,30,Migration
SH0000366,Active,ARMSTRONG,8/24/2022 2:15:56 PM,GREEN BUILD INC,CORPORATE,24AAJFG5834H1ZD,"2627, SILVER CHAMBERS, TAGOR ROAD, Rajkot, Gujarat, 360002",Rajkot,Gujarat,,info@dlslogistics.in,info@dlslogistics.in,TBB,30,Migration
SH0000367,Active,Denz Enterprises,09-09-2022 11:11,Denz Enterprises,CORPORATE,32ADBPD4999H1ZK,"321304-A, Pipeline road, ernakulam, Ernakulam, Kerala, 682025",Ernakulam,Kerala,"9447842881 , 9061039251",Denz Enterprises <denzenterprisesekm@gmail.com>,info@dlslogistics.in Denz Enterprises <denzenterprisesekm@gmail.com>,TBB,30,Migration
SH0000307,Active,ARMSTRONG,7/20/2022 7:45:47 PM,UF CEILINGS (INDIA) PRIVATE LIMITED,CORPORATE,07AAACU9853E1Z5,"D-54
BASEMENT OKHLA INDUSTRIAL AREA
PHASE-II,DELHI-110020",Delhi,Delhi,,sachins@unifloceilings.co.in,pramod.chilka@knauf.com;anil.pokale@knauf.com;shashikant.patil@knauf.com;cwhouseindia@knauf.com,TBB,30,Migration
SH0000309,Active,ARMSTRONG,7/20/2022 7:45:47 PM,SAHIL ENTERPRISES,CORPORATE,05AHKPG5679A1ZG,"11, ARHAT BAZAR, DEHRADUN, Dehradun, Uttarakhand, 248001",Dehradun,Uttarakhand,,shailza_123@hotmail.com,pramod.chilka@knauf.com;anil.pokale@knauf.com;shashikant.patil@knauf.com;cwhouseindia@knauf.com,TOPAY,30,Migration
SH0000310,Active,ARMSTRONG,7/20/2022 7:45:47 PM,VARANASI CARPET DISTRIBUTERS,CORPORATE,09AABFV8606Q1ZF,"L-52, SIGRA, SHASTRI NAGAR, Varanasi, Uttar Pradesh, 221001",VARANASI,Uttar Pradesh,,vns_carpet@yahoo.co.in,pramod.chilka@knauf.com;anil.pokale@knauf.com;shashikant.patil@knauf.com;cwhouseindia@knauf.com,TOPAY,30,Migration
SH0000311,Active,ARMSTRONG,7/20/2022 7:45:47 PM,PANEL INDIA INTERIOR & CONTRACTS PVT LTD,CORPORATE,29AAJCP0738N1ZU,"NO 259, 1ST FLOOR, 9TH B MAIN, BANASWADI KALYAN NAGAR PO, Bengaluru (Bangalore) Urban, Karnataka, 560043",Bangalore,Karnataka,,,pramod.chilka@knauf.com;anil.pokale@knauf.com;shashikant.patil@knauf.com;cwhouseindia@knauf.com,TBB,30,Migration
SH0000312,Active,ARMSTRONG,7/20/2022 7:45:47 PM,KRISH INTERIOR,CORPORATE,24ADPPG8066Q1ZR,"7, sat Tukaram Soc 6, Near L P Savani School, Palanpur Jakat Naka, palanpur PAtia, Surat, Surat, Gujarat, 395009",Surat,Gujarat,,,pramod.chilka@knauf.com;anil.pokale@knauf.com;shashikant.patil@knauf.com;cwhouseindia@knauf.com,TOPAY,10,Migration
SH0000313,Active,ARMSTRONG,7/20/2022 7:45:47 PM,S.R.BROTHERS,CORPORATE,09ABRFS9504M1Z9,"SOUTH JAHANABAD, RAEBARELI, RAEBARELI, RaeBareli, Uttar Pradesh, 229001",RAEBARELI,Uttar Pradesh,,Sunilsr0015@gmail.com,pramod.chilka@knauf.com;anil.pokale@knauf.com;shashikant.patil@knauf.com;cwhouseindia@knauf.com,TBB,30,Migration
SH0000314,Active,ARMSTRONG,7/20/2022 7:45:47 PM,MECHFAB COATINGS PRIVATE LIMITED,CORPORATE,18AAGCM8105K1Z8,"VILL-17 LINE BORJULI, SONAJULI REQ GRANT, RANGAPARA, Sonitpur, Assam, 784505",RANGAPARA,Assam,,,pramod.chilka@knauf.com;anil.pokale@knauf.com;shashikant.patil@knauf.com;cwhouseindia@knauf.com,TBB,30,Migration
SH0000326,Active,ARMSTRONG,7/20/2022 7:45:47 PM,R.K.FURNISHERS,CORPORATE,03ACNPA0048B1ZI,"EH 184-C, MASTER TARA SINGH NAGAR ROAD, BACKSIDE P T COLONY, Jalandhar, Punjab, 144001",Jalandhar,Punjab,,,pramod.chilka@knauf.com;anil.pokale@knauf.com;shashikant.patil@knauf.com;cwhouseindia@knauf.com,TBB,30,Migration
SH0000327,Active,ARABIAN,12/30/2021 2:40:49 PM,ARABIAN PETROLEUM LTD,CORPORATE,27AAHCA6383Q1ZW,"Plot No. 14-B, Morivali MIDC,, Opp. Positive Packaging, Ambernath (W),, Dist.-Thane.",AMBERNATH,Maharashtra,7709177649,works@arabianpetroleum.co.in;deepak.pardeshi@arabianpetroleum.co.in,works@arabianpetroleum.co.in;deepak.pardeshi@arabianpetroleum.co.in,TBB,45,Migration
SH0000329,Active,CLASSIC,1/15/2024 3:00:47 PM,CLASSIC STRIPES PVT LTD (HARIDWAR),CORPORATE,05AAFCR5312Q1Z4,"GSTIN : 05AAF  CR531  2Q1Z4
CLASSIC STRIPES PVT LTD (HARIDWAR)
UTTARAKHAND
 :: Ship To ::
3P3, SEC-10, IIE, SIDCUL,
HARIDWAR
UTTARAKHANS - 249 403.
, Contact:-  Bharat
Shukla
, Mobile - 9760085959
Haridwar,UTTARAKHAND",HARIDWAR,Uttarakhand,9760085959,rahul.chawathe@classicstripes.com,rahul.chawathe@classicstripes.com;vaibhav.halde@classicstripes.com;ajita.chavan@classicstripes.com;bharat.shukla@classicstripes.com,TBB,30,Migration
SH0000330,Active,HRJHON,1/30/2022 8:08:50 PM,PRISM JOHNSON LIMITED (ERNAKULAM),CORPORATE,32AAA  CP622  4A1Z6,"NORTH PARAVOOR

ERNAKULAM,KERALA-683520",ERNAKULAM,KERALA,9594997048,dhumal.udaykumar@hrjohnsonindia.com;doiphode.chetan@hrjohnsonindia.com;upadhyaya.manish@hrjohnsonindia.com;dubey.nitin@hrjohnsonindia.com;jadhav.amit@hrjohnsonindia.com,mithari.sadanand@hrjohnsonindia.com,TBB,30,Migration
SH0000331,Active,ACL,1/21/2022 4:55:33 PM,AMBICA CORPORATION LIMITED,CORPORATE,27AACCA0538J1ZU,"B-2,OFFICE NO-501,BOOMERANG
CHANDIVALI FARM ROAD,ANDHERI (E) MUMBAI
MAHARASHTRA -400072",,MAHARASHTRA,+91 98672 74061,Dispatch@aclindia.co,despatch@aclindia.co,TBB,15,Migration
SH0000383,Active,ZEE LEARN,1/19/2024 1:41:59 PM,ZEE LEARN LIMITED,Suhas,27AAACZ3977E1Z1,"135, 1st Floor, CONTINENTAL BUILDING, DR A B ROAD, MUMBAI, Mumbai, Maharashtra, 400018",Mumbai,Maharashtra,8291033938,amit.pawar@zeelearn.com,amit.pawar@zeelearn.com,TBB,30,Migration
SH0000384,Active,SAMARTH FIRE,1/24/2023 4:00:03 PM,SAMARTH FIRE AND UTILITY PRIVATE LIMITED,CORPORATE,27ABGCS2777N1ZL,"E Wing FN  403, Amber Heights, Near Green City, Ambernath, Thane, Thane, Maharashtra, 421501",,Maharashtra,,hemant@dlslogistics.in,hemant@dlslogistics.in,TBB,30,Migration
SH0000385,Active,VIVAAN,02-01-2023 12:44,VIVAAN ENTERPRISE,CORPORATE,27AGKPR1024R1ZV,"FLAT NO 1606, A WING, LODHA CASA ULTIMA, NR TCS I THINK TECHNO CAMPUS, BEHIND JUIPITER, THANE WEST, Thane, Maharashtra, 400601",Maharashtra,Maharashtra,,support@vivaanenterprise.in,support@vivaanenterprise.in,TBB,30,Migration
SH0000386,Active,FURNITUREWALLA,1/19/2024 1:41:53 PM,FURNITUREWALLA,Suhas,27AAAPF0318C1ZL,"GALA 6A, GROUND, MANJREKAR COMPOUND, 55, DR. E. MOSES ROAD, WORLI, Mumbai, Maharashtra, 400018",Mumbai,Maharashtra,8010246933,info@furniturewalla.com,INFO@FURNITUREWALLA.COM,TBB,30,Migration
SH0000387,Active,Sleek Boards,02-11-2023 17:20,Sleek Boards Marketing Services LLP,CORPORATE,27ADEFS6912L1ZO,"Office No 20, 4th Floor, Landmark, Paud Road, Kothrud, Pune, Maharashtra, 411038",Pune,Maharashtra,9822846164,hemant@dlslogistics.in,hemant@dlslogistics.in,TBB,30,Migration
SH0000388,Active,HJ-AXLE,1/19/2024 1:42:15 PM,HJ-AXLE INDIA MANUFACTURING PRIVATE LIMITED,Hemant,27AAFCH1893N1Z0,"SURVEY NO 656, OPP T G TERMINAL VESHVI- BELODKAR VILLAGE ,URAN NAVI MUMBAI MAHARASHTRA 400702",NAVI Mumbai,MAHARASHTRA,8010246933,PREM.KUMAR@ HJ-AXLE.IN,PREM.KUMAR@ HJ-AXLE.IN,TBB,30,Migration
SH0000389,Active,RUKHMINI ENTERPRISES,1/19/2024 1:41:36 PM,RUKHMINI ENTERPRISES,Hemant,27ACJPY8629G2ZU,"402, NANDAGIRI CO-OP HSG SOCIETY, NAVRE NAGAR, B-CABIN ROAD, AMBERNATH EAST, Thane, Maharashtra, 421501",Thane,MAHARASHTRA,80102 46933,accounts@samarthfires.com,ACCOUNTS@SAMARTHFIRES.COM,TBB,30,Migration
SH0000390,Active,NAVYA,1/19/2024 1:36:16 PM,DAKSHA CABLES INDUSTRIES PRIVATE LIMITED,Suhas,27AABCD0333M1ZT,"1, Sukhabhai Chawl, Subhash Nagar, Jogeshwari East, Mumbai Suburban, Maharashtra, 400060",Jogeshwari,Maharashtra,98330 32139,navyacables123@gmail.com,navyacables123@gmail.com,TBB,30,Migration
SH0000391,Active,ORIENTAL,1/19/2024 1:36:24 PM,UNIVERSAL ENGINEERS CHENNAI PRIVATE LIMITED,Hemant,33AABCU1168R1ZY,"72, NORTH PHASE SIDCO INDUSTRIAL ESTATE, AMBATTR, NORTH PHASE, CHENNAI, Thiruvallur, Tamil Nadu, 600098",Thiruvallur,TAMIL NADU,80102 46933,hemant@dlslogistics.in,hemant@dlslogistics.in,TBB,30,Migration
SH0000392,Active,LLOYDS STEELS,1/19/2024 1:35:57 PM,LLOYDS ENGINEERING WORKS LIMITED,Hemant,27AAACE9285C1ZL,"A-55, MIDC Industrial Area, Murbad, Thane, Maharashtra, 421401",Thane,MAHARASHTRA,80102 46933,finance@industrialengineers.in,FINANCE@INDUSTRIALENGINEERS.IN,TBB,30,Migration
SH0000393,Active,ARMSTRONG,3/13/2023 11:36:09 AM,ROYAL CONSTRUCTIONS AND INTERIORS,CORPORATE,32AOSPP8398E1Z9,"F810, TOWN HALL SHOPPING COMPLEX, T C ROAD, THALASSERY, Kannur, Kerala, 670101",Kannur,KERALA,9847215424,info@dlslogistics.in,info@dlslogistics.in,TBB,30,Migration
SH0000394,Active,ARMSTRONG,1/19/2024 1:36:06 PM,National Plasters,Suhas,27AFUPA1083L1Z5,"SHOP NO.131, NEAR MADINA MASJID, L B S MARG, SHIVAJI KUTIR MANDAL, kurla, Mumbai,
Mumbai Suburban, Maharashtra, 400070",MUMBAI,MAHARASHTRA,91364 58486,nationalplastersmumbai@yahoo.com,"NATIONALPLASTERSMUMBAI,info@dlslogistics.in",TBB,30,Migration
SH0000450,Active,Tasvir,7/17/2024 2:12:22 PM,Tasvir,Hemant,08AKGPG5406Q1ZT,"B-42, RIICO Industrial Area, Sitapura, Jaipur, Rajasthan, 302022",Jaipur,Rajasthan,,info@dlslogistics.in,info@dlslogistics.in,TBB,30,Sanketh
SH0000451,Active,MAKSON,7/23/2024 12:36:37 PM,MAKSON ENTERPRISES,GOPINATH,32ABQFM3507R1ZQ,"66  1563, Makson Enterprises, TAB Road,, Kacheripady, Ernakulam, Kerala, 682018",Ernakulam,Kerala,76768 99944,info@dlslogistics.in,info@dlslogistics.in,TBB,30,Sanketh
SH0000452,Active,MOOD BOARD,7/23/2024 3:57:56 PM,MOOD BOARD,Manoj,36ABNFM5689H1ZJ,"2ND FLOOR, 8-2-686B6MK, THE LAXMI BUILDING, ROAD NO 12, BANJARAHILLS, Hyderabad, Telangana, 500034",Hyderabad,TELANGANA, 81795 31312,rangoli.rmc@gmail.com,rangoli.rmc@gmail.com,TBB,30,Sanketh
SH0000453,Active,ANAND J S,7/29/2024 4:09:34 PM,ANAND J S,GOPINATH,32BPVPA7641L123,FLAT NO.7-A YASOPAM HYDPBBHANUS TP ROAD COCHIN,Ernakulam,KERALA,7676899944,info@dlslogistics.in,info@dlslogistics.in,TBB,30,Sanketh
SH0000454,Active,QUALITY POWER,7/30/2024 6:04:03 PM,QUALITY POWER ELECTRICAL EQUIPMENTS LIMITED,GOPINATH,32AAACQ0757F1ZT,"6335, Quality Power Electrical Equipments Pvt Ltd, Chalackal, Aluva, Ernakulam, Kerala, 683105",Ernakulam,KERALA,76768 99944,info@dlslogistics.in,info@dlslogistics.in,TBB,30,Sanketh
SH0000455,Active,AMI MACHINE TOOLS,08-03-2024 14:18,AMI MACHINE TOOLS,sukbir,27AAJFM3615J1Z5,"W 101, KHAIRANA, NAVI MUMBAI, Mumbai Suburban, Maharashtra, 400705",KHAIRANA,Maharashtra,93116 89422,info@dlslogistics.in,info@dlslogistics.in,TBB,30,Sanketh
SH0000456,Active,Tasvir,08-07-2024 14:38,HONAVAR ELECTRODES PRIVATE LIMITED,HEMANT,27AAACH0376H1ZQ,"3RD FLOOR, 305-309, DAMJI SHAMJI INDUSTRIAL COMPLEX,, 9 LBS MARG, KURLA WEST, Mumbai, Maharashtra, 400070",KURLA,Maharashtra,80102 46933,hemant@dlslogistics.in,hemant@dlslogistics.in,TBB,30,Sanketh
SH0000458,Active,ARSS BIOFUEL,08-08-2024 16:56,ARSS BIOFUEL PVT LTD,YOGESH,27AAECA4139M1ZH,"GAT NO 196, WADIVARHE, DARNA ASWALI ROAD, IGATPURI, Nashik, Maharashtra, 422403",NASHIK,MAHARASHTRA,0253-2572401,arss 112000 @yahoo.com,arss 112000 @yahoo.com,TBB,30,Sanketh
SH0000459,Active,AMAN,08-10-2024 13:37,AMAN CHEMICALS INDUSTRY,YOGESH,29AAVFA5441L1ZT,"GROUND FLOOR, 121 AND 146, PETE CHENNAPPA INDUSTRIAL ESTATE, MAGADI MAIN ROAD, KAMAKSHIPALYA, Bengaluru Urban, Karnataka, 560079",Bengaluru,Karnataka,97655 31266II,info@dlslogistics.in,info@dlslogistics.in,TBB,30,Sanketh
SH0000461,Active,PRANAV,08-12-2024 16:54,Pranav Construction Systems Private Limited,Suhas,27AADCP0834B3ZU,"PLOT NO F8
BADLAPUR MIDC
BADLAPUR,MAHARASHTRA-421503",BADLAPUR,MAHARASHTRA,77150 75357,info@dlslogistics.in,info@dlslogistics.in,TBB,30,Sanketh
SH0000463,Active,HJ-AXLE,8/14/2024 3:30:51 PM,ROADON AXLES INDIA PRIVATE LIMITED,hemant,24AAKCR4583L1ZU,"83024, Opp. GIDC Water Tank No. 3,, GIDC Estate, 83024, Opp. GIDC Water Tank No. 3,, Bharuch, Gujarat, 393110",BHARUCH,GUJARAT,8010246933,info@dlslogistics.in,info@dlslogistics.in,TBB,30,Sanketh
SH0000464,Active,Intercrafts Parquets,8/24/2024 11:49:18 AM,Intercrafts Parquets,YOGESH,24ABIHS6501D1ZE,"22, Intercrafts India, Sola Road, Near Khodiyar Mandir, Naranpura, Ahmedabad, Ahmedabad, Gujarat, 380013",Ahmedabad,GUJARAT,98982 03521,INFO@INTERCRAFTSINDIA.COM,INFO@INTERCRAFTSINDIA.COM,TBB,30,Sanketh
SH0000465,Active,SAYAJI FOODS,8/29/2024 12:12:46 PM,SAYAJI FOODS PRIVATE LIMITED,Suhas,27AAFCB9987P1ZJ,"R-701 and R-701 PART, TTC INDUSTRIAL AREA, Sayaji Foods Pvt Ltd, Rabale MIDC Road, Alfa Laval India Ltd, Rabale, Navi Mumbai, Thane, Maharashtra, 400701",NAVI MUMBAI,MAHARASHTRA,9619713269,info@dlslogistics.in,info@dlslogistics.in,TBB,30,Sanketh
SH0000258,Active,ARMSTRONG,7/20/2022 7:45:47 PM,INTERIOR POINT.,CORPORATE,09ACVPT3338H1ZW,"589 KHA PN VIP ROAD
SARPOT GANJ TELIBAGH
LUCKNOW,UTTAR PRADESH-226018",LUCKNOW,Uttar Pradesh,,interiorpoint09@gmail.com,pramod.chilka@knauf.com;anil.pokale@knauf.com;shashikant.patil@knauf.com;cwhouseindia@knauf.com,TOPAY,30,Migration
SH0000270,Active,THERMO,09-09-2022 12:26,THERMO FISHER SCIENTIFIC INDIA PVT LTD,CORPORATE,27AABCT3207A1ZZ,"TOLL GLOBAL LOGISTICS MAYASHREE LOGISTICS CENTRE BHIWANDI,MAHARASHTRA-421302",BHIWANDI,Maharashtra,,nilesh.shivane@thermofisher.com,sharad@thermofisher.com;rohan.patil@thermofisher.com;mithun.tare@thermofisher.com;roshan.patil@thermofisher.com,TBB,30,Migration
SH0000272,Active,ARMSTRONG,7/20/2022 7:45:47 PM,STEP UP CONSTRUCTION,CORPORATE,23AAWFS4959A1ZW,STEP UP CONSTRUCTION SUPER SPECIALTY HOSPITAL BLOCK GOA MEDICAL COLLEGE BAMBOLIN,GOA,Goa,,,pramod.chilka@knauf.com;anil.pokale@knauf.com;shashikant.patil@knauf.com;cwhouseindia@knauf.com,TOPAY,30,Migration
SH0000226,Active,ARMSTRONG,7/20/2022 7:45:47 PM,SHARMA & SHARMA ENTERPRISES,CORPORATE,20ACDFS4533R1ZW,"PLOT NO 1636 KHATA 251 DHARMBAND
BALIGUMA MANGO
JAMSHEDPUR,JHARKHAND-831012",jamshedpur,Jharkhand,,sharma.alu.systems@gmail.com;acssentindia1@gmail.com,pramod.chilka@knauf.com;anil.pokale@knauf.com;shashikant.patil@knauf.com;cwhouseindia@knauf.com,TBB,30,Migration
SH0000227,Active,ARMSTRONG,7/20/2022 7:45:47 PM,CLASSIC ENTERRISES,CORPORATE,37CCHPS0107F1ZT,"45 52 12,
ABID NAGAR
AKKAYYAPALEM,,ANDHRA PRADESH-530016",AKKAYYAPALEM,Andhra Pradesh,,classiqenterpriceses@yahoo.com;classiqenterprises@gmail.com,pramod.chilka@knauf.com;anil.pokale@knauf.com;shashikant.patil@knauf.com;cwhouseindia@knauf.com,TBB,30,Migration
SH0000138,Active,ARMSTRONG,7/20/2022 7:45:47 PM,DECOR N SALES,CORPORATE,19AIZPS4221N1ZA,"GSTIN : 19AIZ  PS422  1N1ZA
DECOR N SALES
WEST BENGAL
 134 SRI AUROBINDO SARANI
SRI AUROBINDO SARANI,WEST BENGAL-700006",Kolkata,West Bengal,,decornsale@gmail.com; decomsale@gmail.com,pramod.chilka@knauf.com;anil.pokale@knauf.com;shashikant.patil@knauf.com;cwhouseindia@knauf.com,TOPAY,30,Migration
SH0000141,Active,ARMSTRONG,7/20/2022 7:45:47 PM,M.J. TRADERS,CORPORATE,32AAOFM0785C1ZF,"MS MAS TECHNOLOGY BRANCH
604847-A JR COMBINE BLDG OPP NSS COLLEGE
TALI OUTHIYAPALAM CALICUT,KERALA-673004",CALICUT,Kerala,,accounts@mastechnologies.in,pramod.chilka@knauf.com;anil.pokale@knauf.com;shashikant.patil@knauf.com;cwhouseindia@knauf.com,TBB,30,Migration
SH0000249,Active,ARMSTRONG,7/20/2022 7:45:47 PM,WOOD STOCK UTTAR PRADESH,CORPORATE,09AANPP1150D1ZU,"G 2349 GROUND AND 1ST FLOOR KANPUR ROAD TRANSPORT NAGAR,UTTAR PRADESH-226012",LUCKNOW,Uttar Pradesh,,woodstock.dinesh@gmail.com,pramod.chilka@knauf.com;anil.pokale@knauf.com;shashikant.patil@knauf.com;cwhouseindia@knauf.com,TOPAY,15,Migration
SH0000251,Active,ARMSTRONG,7/20/2022 7:45:47 PM,ADORA CARPET SPLENDOR PVT LTD.,CORPORATE,29AACCA7343K1ZF,ABB INDIA LIMITED PLOT NO 4A 2ND STATE PEENYA INDUSTRIAL AREA PHASE IV,BANGLORE,Karnataka,,,pramod.chilka@knauf.com;anil.pokale@knauf.com;shashikant.patil@knauf.com;cwhouseindia@knauf.com,TOPAY,30,Migration
SH0000252,Active,ARMSTRONG,7/20/2022 7:45:47 PM,ADORA CARPET SPLENDOR PVT LTD.,CORPORATE,29AACCA7343K1ZF,ABB INDIA LIMITED PLOT NO 4A 2ND STATE PEENYA INDUSTRIAL AREA PHASE IV,Banglore,Karnataka,,,pramod.chilka@knauf.com;anil.pokale@knauf.com;shashikant.patil@knauf.com;cwhouseindia@knauf.com,TOPAY,30,Migration
SH0000254,Active,CAPS,12/15/2021 1:18:40 PM,CAPS CONTAINERS INDUSTRIES,CORPORATE,27AAAFC3024G1Z0,"C-18, C-24, SHREYAS INDUSTRIAL ESTATE, GOREGAON EAST, MUMBAI - 400 063, TAN MUMC01552F",goregaon,Maharashtra,,caps@capsandcontainers.com,caps@capsandcontainers.com,TBB,30,Migration
SH0000396,Active,ARMSTRONG,04-12-2023 13:29,ALMOND WALL AND CEILINGS,CORPORATE,32AAVFA3580A1ZP,"35772B, NORTH JANATHA ROAD, PALARIVATTOM, Ernakulam, Kerala, 682025",ERNAKULAM,Kerala,80895 40669,Carmelgyprofiles@gmail.com,Carmelgyprofiles@gmail.com,TBB,30,Migration
SH0000397,Active,ARMSTRONG,4/14/2023 11:35:26 AM,FANTASY INTERIORS,CORPORATE,08AABFF0055D1Z1,"71,, 3RD FLOOR, SHREE GOPAL NAGAR, GOPALPURA BYEPASS, JAIPUR, Jaipur, Rajasthan, 302018",JAIPUR,Rajasthan,,info@dlslogistics.in,"info@dlslogistics.in,Pramod.Chilka@knauf.com ,Anil.Pokale@knauf.com",TBB,30,Migration
SH0000398,Active,ARMSTRONG,05-01-2023 12:27,PREMIER BUILDING PRODUCTS,CORPORATE,29ABBFP9566A1Z1,"NO.128, KATTIGENAHALLI RAMANNA COMPLEX, N NAGENAHALLI MAIN ROAD, Bengaluru, Bengaluru Urban, Karnataka, 560077",Bengaluru,Karnataka,94483 89477,premierbuildingpro@gmail.com,"premierbuildingpro@gmail.com,info@dlslogistics.in",TBB,30,Migration
SH0000399,Active,GAUSAMPANNA LIFECARE PRIVATE LIMITED,06-12-2023 14:17,GAUSAMPANNA LIFECARE PRIVATE LIMITED,CORPORATE,27AAJCG0927G1ZN,"AAKRUTI AANGAN BUILDING C103, AAKRUTI ARCADE, ANAND NAGAR , G B ROAD, THANE, Thane, Maharashtra, 400615",Thane,Maharashtra,9833876667,info@gausampanna.com,"info@dlslogistics.in,INFO@GAUSAMPANNA.COM",TBB,30,Migration
SH0000400,Active,ARMSTRONG,6/23/2023 12:55:55 PM,NOVELTY WAREHOUSE,CORPORATE,19AAFFN9210L1ZY,"GROUND FLOOR, H3792142, KRISHNA KUNJ, GURU NANAK SARANI 2, PUNJABI PARA, SILIGURI, Darjeeling, West Bengal, 734001",SILIGURI,WEST BENGAL,,info@dlslogistics.in,,TBB,30,Migration
SH0000401,Active,ARMSTRONG,07-01-2023 14:52,BHARAT GYPSUM AND PLYWOOD,CORPORATE,33ALQPP9335G2ZN,"10271, Astabhujam Road, choolai, Chennai, Tamil Nadu, 600112",CHENNAI,TAMIL NADU,09284023966,info@dlslogistics.in,,TBB,30,Migration
SH0000402,Active,INDO HITECH,7/21/2023 6:00:06 PM,INDO HITECH APPLIANCES LIMITED,CORPORATE,07AAECI6014M1ZH,"A-13, MANGOLPURI INDUSTRIAL AREA, PHASE-II DELHI, New Delhi, North West Delhi, Delhi, 110034",DELHI,DELHI,7893494977,warehouse@indoappliances.com,warehouse@indoappliances.com,TBB,30,Migration
SH0000403,Active,CREATIVE PRINT AND PACK,7/22/2023 5:24:50 PM,CREATIVE PRINT AND PACK,CORPORATE,36AOGPP6441J1ZM,"PLOT NO 106 AND 107 SY NO 315 BLOCK-7, SUBHAS NAGAR, JEEDIMETLA, HYDERABAD, Medchal Malkajgiri, Telangana, 500055",MEDCHAL,Telangana,78934 94977, accounts@creativeprintandpack.com, accounts@creativeprintandpack.com,TBB,30,Migration
SH0000404,Active,ARMSTRONG,7/29/2023 6:07:58 PM,STAR POP CENTER,CORPORATE,23BEYPA3235A2ZY,"0, NEAR PHOOLMATI MANDIR, SAMAN, Rewa, Madhya Pradesh, 486001",REWA,MADHYA PRADESH,91792 84661,gulsherstarpopcenter@gmail.com,gulsherstarpopcenter@gmail.com,TBB,30,Migration
SH0000407,Active,ASHIRWAD,1/19/2024 1:41:16 PM,GURUDATTA ENTERPRISES,Hemant,27ASZPK2861Q1ZL,"KHEDEKAR MALA, TAL-HAVELI, WARD NO.6,H NO.546, SOLAPUR ROAD, URULIKANCHAN, Pune, Maharashtra, 412202",PUNE,MAHARASHTRA,09284023966,info@dlslogistics.in,info@dlslogistics.in,TBB,30,Migration
SH0000408,Active,ASHIRWAD,1/19/2024 1:41:06 PM,VIJAY AIR PRODUCTS PRIVATE LIMITED,Hemant,27AAHCV7512J1Z0,"B-622, VIJAY AIR PRODUCTS PVT LTD, MIDC Main Road, MAHDA, Tembhurni MIDC, Solapur, Maharashtra, 413211",SOLAPUR,MAHARASHTRA,,info@dlslogistics.in,info@dlslogistics.in,TBB,30,Migration
SH0000409,Active,HJ-AXLE,1/19/2024 1:40:57 PM,BLACK DIAMOND TRACK PARTSPVT LTD,Hemant,22AAACB7019F1Z8,"Plot No 20, Sector- C, Industrial Area Sirgitti, Sirgitti, Bilaspur, Bilaspur, Chhattisgarh, 495001",Bilaspur,Chattisgarh,0,info@dlslogistics.in,,TBB,30,Migration
SH0000315,Active,ARMSTRONG,7/20/2022 7:45:47 PM,COLOR AND SHADES,CORPORATE,06AFPPJ6014D1ZP,"3554, TIMBER MARKET, TIMBER MARKET, AMBALA
CANTT, Ambala, Haryana, 133001",AMBALA,Haryana,09215834176,jainashish333@gmail.com,pramod.chilka@knauf.com;anil.pokale@knauf.com;shashikant.patil@knauf.com;cwhouseindia@knauf.com,TOPAY,30,Migration
SH0000317,Active,ARMSTRONG,7/20/2022 7:45:47 PM,ALMINO TECH,CORPORATE,06ABSPK5041N1Z7,"PLOT NO 162, INDUSTRIAL AREA, PHASE 1, PANCHKULA, Panchkula, Haryana, 134109",PANCHKULA,Haryana,,,pramod.chilka@knauf.com;anil.pokale@knauf.com;shashikant.patil@knauf.com;cwhouseindia@knauf.com,TBB,30,Migration
SH0000318,Active,ARMSTRONG,7/20/2022 7:45:47 PM,VIVA BELA,CORPORATE,29ARDPS9264J1Z0,"CTS NO 4482B111, SHRUTI PARK, KANABARGI ROAD, BELGAUM, Belagavi (Belgaum), Karnataka, 590015",Belgaum,Karnataka,,vivabelas@gmail.com,pramod.chilka@knauf.com;anil.pokale@knauf.com;shashikant.patil@knauf.com;cwhouseindia@knauf.com,TBB,30,Migration
SH0000319,Active,ARMSTRONG,7/20/2022 7:45:47 PM,RAJMOHAN FURNISHERS,CORPORATE,07AAGFR4546J1ZX,"12, GALI NO-2, JANKI DASS COLONY, SAMALKA, South West Delhi, Delhi, 110037",Delhi,Delhi,,,pramod.chilka@knauf.com;anil.pokale@knauf.com;shashikant.patil@knauf.com;cwhouseindia@knauf.com,TBB,30,Migration
SH0000322,Active,ARMSTRONG,7/20/2022 7:45:47 PM,DESIGN INFRA,CORPORATE,37BHRPG9378L1ZA,"15-134, BANDAGAR, MYLAVARAM KRISHNA, MYLAVARAM KRISHNA, YSR District, Kadapa (Cuddapah), Andhra Pradesh, 521230",Kadapa,Andhra Pradesh,,Yash6111@gmail.com,pramod.chilka@knauf.com;anil.pokale@knauf.com;shashikant.patil@knauf.com;cwhouseindia@knauf.com,TOPAY,30,Migration
SH0000323,Active,ARMSTRONG,7/20/2022 7:45:47 PM,N.GEE ASSOCIATES,CORPORATE,09AGYPG7754M1ZB,"111421, ASHOK NAGAR, KANPUR, Kanpur Nagar, Uttar Pradesh, 208012",Kanpur,Uttar Pradesh,,,pramod.chilka@knauf.com;anil.pokale@knauf.com;shashikant.patil@knauf.com;cwhouseindia@knauf.com,TOPAY,30,Migration
SH0000337,Active,PRANAV,6/22/2024 12:20:53 PM,Prasham Construction and Engineering Pvt Ltd,CORPORATE,27AAJCP7415Q1ZO,"Office no. 915, 9th floor, Lodha Supremus , Kolshet Road, Near Air Force Station, Thane�West�-�400607",THANE,MAHARASHTRA,8291046977,info@dlslogistics.in,info@dlslogistics.in,TBB,30,Migration
SH0000338,Active,GALAXY,02-08-2022 16:11,GALAXY ENTERPRISES,CORPORATE,27AAAPN3959R1ZX,"I-4, Gala no 1-2, Shree Arihant Complex
Khaler, Bhiwandi- 421302, Maharashtra, India
Bhiwandi,MAHARASHTRA-421302",BHIWANDI,MAHARASHTRA,7066323262,info@dlslogistics.in,info@dlslogistics.in,TBB,30,Migration
SH0000339,Active,NIDHI,02-08-2022 16:12,NIDHI ENTERPRISES,CORPORATE,27ACAPN5364Q1Z0,"I-4, Gala no 1-2, Shree Arihant Complex
Khaler, Bhiwandi- 421302, Maharashtra, India
Bhiwandi,MAHARASHTRA-421302",BHIWANDI,MAHARASHTRA,9867274061,info@dlslogistics.in,info@dlslogistics.in,TBB,30,Migration
SH0000341,Active,ARMSTRONG,7/20/2022 7:45:47 PM,CEILING IMPEX,CORPORATE,19AAYPG1040Q1Z3,"36DM1, Topsia Road East, LP-14152, Kolkata, Kolkata, West Bengal, 700039",KOLKATA,WEST BENGAL,9513301456,accounts.kol@ciplgroup.com,pramod.chilka@knauf.com;anil.pokale@knauf.com;shashikant.patil@knauf.com;cwhouseindia@knauf.com,TBB,30,Migration
SH0000342,Active,TREENITY,2/25/2022 12:17:59 PM,TREENITY BUSINESS SOLUTIONS,CORPORATE,27AAMFT3595M1ZA,"TREENITY BUSINESS SOLUTIONS
C-801 AJMERA PRISTINE BLDG NO
Mumbai Suburban,400092",BORIVILI,MAHARASHTRA,9867240136,bk@treenity.in,bk@treenity.in,TBB,30,Migration
SH0000343,Active,CLASSIC,3/14/2022 4:53:48 PM,CLASSIC STRIPES PRIVATE LIMITED(MH),CORPORATE,27AAFCR5312Q2ZX,"ASTARC HOUSE, ASTARC HOUSE, 7679, MAKWANA LANE,TAKPADA,OFF. ANDHERI KURLA ROAD, ANDHERI EAST, Mumbai Suburban, Maharashtra, 400059",VASAI,MAHARASHTRA,,vaibhav.halde@classicstripes.com,vaibhav.halde@classicstripes.com,TBB,30,Migration
SH0000466,Active,Signature Foodworks,8/30/2024 5:50:55 PM,Signature Foodworks,YOGESH,22DJPPA4495E1Z9,"1, 1, Near Balaji Blad Bank, Mowa, Prakash Furnitures, Avnivihar Colony Dubey Colony, Raipur, Raipur, Chhattisgarh, 492014",RAIPUR,CHATTISGARH,8602828002,info@signatuefoodworks.com,info@signatuefoodworks.com,TBB,30,Sanketh
SH0000467,Active,CLASSIC,09-12-2024 13:25,NAXNOVA TECHNOLOGIES PRIVATE LIMITED,CORPORATE,05AAFCR5312Q1Z4,"SECTOR-10, PLOT NO. 3 P3, CLASSIC STRIPES PRIVATE LIMITED, SECTOR-10, IIE, SIDCUL,, Haridwar, Uttarakhand, 249403",HARDWAR,UTTARAKHAND,8806099769,ashish.patel@astarc.com;bharat.shukla@naxnova.com,ashish.patel@astarc.com;bharat.shukla@naxnova.com,TBB,30,Manoj
SH0000468,Active,RVS,9/13/2024 12:25:24 PM,R.V.S INDUSTRIES,SUKBIR,08AXRPS5265K1ZJ,"PLOT NO. H331119, RIICO INDUSTRIAL AREA, RIICO Industrial Area, Bhiwadi, Alwar, Rajasthan, 301019",Bhiwadi,Rajasthan,93116 89422,info@dlslogistics.in,info@dlslogistics.in,TBB,30,Sanketh
SH0000469,Active,ARMSTRONG,9/20/2024 1:23:47 PM,SHUBH SALES PRODUCTS PRIVATE LIMITED,Manoj,06AAGCE2141K1ZT,"KILA NO 9,11,10 AND 12TH, RECTANGLE NO 34, SARAI KHAWJA, GURUKUL IND. AREA, FARIDABAD, Faridabad, Haryana, 121003",FARIDABAD,Haryana,98115 90771,Hemant@shubhsale.com,Hemant@shubhsale.com,TBB,30,Sanketh
SH0000470,Active,STANDARD HYDRAULICS INDIA,9/24/2024 1:10:10 PM,STANDARD HYDRAULICS INDIA,yogesh,08ABLPS3188H1Z3,"PHASE-1-IV, B-318A, RIICO INDUSTRIAL AREA, GHATAL, BHIWADI, Alwar, Rajasthan, 301019",ALWAR,RAJASTHAN,93116 89422,info@dlslogistics.in,info@dlslogistics.in,TBB,30,Sanketh
SH0000472,Active,OXYZEN ENTERPRISES,9/28/2024 2:05:49 PM,OXYZEN ENTERPRISES,Suhas,27DJWPD5204H1Z2,"A 301, MRUNANG BUILDING, Vasant Nagari, Gokhiware, Vasai Virar, Palghar, Maharashtra, 401208",PALGHAR,Maharashtra,75075 24949,vidyasinha82@yahoo.com,vidyasinha82@yahoo.com,TBB,30,Sanketh
SH0000473,Active,RIYA SALES,10-01-2024 13:28,RIYA SALES,YOGESH,10AAFFR7169E1ZD,"KRISHNA MARKET, EXHIBITION ROAD, EXHIBITION ROAD, Patna, Bihar, 800001",PATNA,Bihar, 97984 68106,MANTRYPK@GMAIL.COM,MANTRYPK@GMAIL.COM,TBB,30,Sanketh
SH0000474,Active,SCIENTIFIC AGENCIES,10/14/2024 1:53:44 PM,SCIENTIFIC AGENCIES PVT. LTD.,Manoj,06AAFCS4264A1ZP,"20-21 J, Sector-5, Fruit Garden, N.I.T FARIDABADB, Faridabad, Haryana, 121001",Faridabad,Haryana,09284023966,info@dlslogistics.in,info@dlslogistics.in,TBB,30,Sanketh
SH0000475,Active,PATHAK INDUSTRIES,10/15/2024 1:19:32 PM,PATHAK INDUSTRIES KOL,SUKBHIR,19AAXFP3810A1Z7,"116, G. T. ROAD NORTH, SALKIA, Howrah, West Bengal, 711106",Howrah,WEST BENGAL,93116 89422,info@dlslogistics.in,info@dlslogistics.in,TBB,30,Sanketh
SH0000476,Active,DELHI,10/18/2024 7:12:40 PM,SWIFT INTERNATIONAL,SUKBHIR,23AJOPB2002N1ZK,"112 B, PRESTIGE TOWER, INDIRA COMPLEX, NAVLAKHA, INDORE, Indore, Madhya Pradesh, 452001",INDORE,MADHYA PRADESH,,info@dlslogistics.in,info@dlslogistics.in,TOPAY,30,Manoj
SH0000477,Active,DELHI,10/18/2024 7:34:26 PM,UMANG (A UNIT OF VIDHI NIWAS PVT.LTD.),SUKHBIR,19AADCV2352A1ZO,"SHOP NO 3, H153481971N, GOLDEN PLAZA COMPLEX, BURDWAN ROAD,, SILIGURI, Darjeeling, West Bengal, 734001",SILIGURI,WEST BENGAL,,info@dlslogistics.in,info@dlslogistics.in,TOPAY,30,Manoj
SH0000478,Active,RVS,10/25/2024 2:17:13 PM,SWIFT INTERNATIONAL,SUKBHIR,23AJOPB2002N1ZK,"112 B, PRESTIGE TOWER, INDIRA COMPLEX, NAVLAKHA, INDORE, Indore, Madhya Pradesh, 452001",INDORE,Madhya Pradesh,93116 89422,info@dlslogistics.in,info@dlslogistics.in,TBB,30,Sanketh
SH0000479,Active,ARMSTRONG,10/30/2024 1:12:06 PM,PREMIER METALS AND ENGINEERING CORPORATION HYDERABAD,Manoj,36ABGFP1695M1ZM,"12-7-2047NR, Goods shed road Moosapet, Hyderabad, Medchal Malkajgiri, Telangana, 500018",Medchal,TELANGANA,94483 89477,PMECB Raghu Reddy <pmecb1@gmail.com>,PMECB Raghu Reddy <pmecb1@gmail.com>,TBB,30,Sanketh
SH0000410,Active,HJ-AXLE,1/19/2024 1:40:53 PM,SIDDHANATH ENTERPRISES,Hemant,27AOTPC4423L1ZN,"FLAT NO 102, MAULI PARK, B.M. NAGAR, H NO 0174, DIGHA, NAVI MUMBAI, Thane, Maharashtra, 400708",navi mumbai,MAHARASHTRA,,"prem.kumar@hj-axle.in,accounts@hj-axle.in","accounts@hj-axle.in,  prem.kumar@hj-axle.in",TBB,30,Migration
SH0000411,Active,ASHIRWAD,1/19/2024 1:40:48 PM,ASHIRWAD INDUSTRIAL GASES LLP,Hemant,24ABOFA5129P1ZZ,"SHOP NO.G-12, SUN ARCADE VESU, VIP ROAD, VESU, Surat, Gujarat, 395007",SURAT,GUJARAT,,Ashirwadequipmentspvtltd@gmail.com,Ashirwadequipmentspvtltd@gmail.com,TBB,30,Migration
SH0000412,Active,ASHIRWAD,1/19/2024 1:40:46 PM,TARASINGH ENTERPRISES,Hemant,27CDSPS5234F1Z3,"LIG COLONY, FLAT NO 12, BUILDING NO 9b SEC NO 25, NEAR HANUMAN NAGAR SHINDHUNAGAR, NIGADI, Pune, Maharashtra, 411044",PUNE,MAHARASHTRA,,info@dlslogistics.in,info@dlslogistics.in,TBB,30,Migration
SH0000413,Active,ASHIRWAD,1/19/2024 1:40:44 PM,TRIPTI GASES PVT. LTD.,Hemant,27AABCT0071G1ZN,"Gat no.31204, Nanekarwadi, Chakan Opp. Veena Industries Ltd. Khed , Pune- 410501",MAHPE,MAHARASHTRA,,info@dlslogistics.in,info@dlslogistics.in,TBB,30,Migration
SH0000414,Active,ASHIRWAD,1/19/2024 1:40:41 PM,SRI JOTHI GAS COMPANY,Hemant,33ANRPJ6836H1ZN,"No.2281-A, MADUKKARAI - CHETTIPALAYAM ROAD, BODIPALAYAM POST, Coimbatore, Tamil Nadu, 641105",COIMBATORE,TAMIL NADU,,info@dlslogistics.in,info@dlslogistics.in,TBB,30,Migration
SH0000415,Active,ASHIRWAD,1/19/2024 1:40:09 PM,SPEED TRADING ENTERPRISES,Hemant,27ABSFS2274D1ZW,"1, SURVERY NO 84, SOPARA PATHA, Pelhar, Vasai Virar, Palghar, Maharashtra, 401208",VASAI,MAHARASHTRA,,Ashirwadequipmentspvtltd@gmail.com,Ashirwadequipmentspvtltd@gmail.com,TBB,30,Migration
SH0000416,Active,HJ-AXLE,1/19/2024 1:39:43 PM,KING TRADERS,Hemant,33AIHPB7531L1ZC,"1399-2, SALEM BYE PASS ROAD,
MUDALAIPATTY, NAMAKKAL",NAMAKKAL,TAMIL NADU,,ajaym@amlf.net,,TOPAY,30,Migration
SH0000417,Active,HJ-AXLE,1/19/2024 1:39:37 PM,KAVERI TRADERS,Hemant,33BQAPS4839J1ZK,"1211A, Salem Main Road
Poonagar, Mudalaipatti,
Namakkal Tamil Nadu",NAMAKKAL,TAMIL NADU,,info@dlslogistics.in,,TOPAY,30,Migration
SH0000418,Active,ASHIRWAD,09-05-2023 17:40,UNIVERSAL AIR PRODUCTS PRIVATE LIMITED,CORPORATE,29AAACU6978L1ZG,"PLOT 22A, UNIVERSAL AIR PRODUCTS PVT LTD, 3RD CROSS, 3RD STAGE, PEENYA INDUSTRIAL AREA,BENGALURU-560058, Bengaluru Urban, Karnataka, 560058",BANGALORE,KARNATAKA,,Iinfo@dlslogistics.in,info@dlslogistics.in,TBB,30,Migration
SH0000419,Active,ASHIRWAD,09-07-2023 14:15,LAKSHYA FORRUM FOR COMPETITIONS PRIVATE LIMITED,CORPORATE,27AACCL3777A1ZN,"2ND FLOOR, 220, FLYING COLOURS, PANDIT DINDAYAL UPADHYAY MARG, LBS CROSS ROAD, MULUND WEST, Mumbai, Maharashtra, 400080",MULUND,MAHARASHTRA,,info@dlslogistics.in,info@dlslogistics.in,TBB,30,Migration
SH0000420,Active,ASHIRWAD,09-07-2023 15:08,THIRUMALAI ATMOSPHERIC PRODUCTS,CORPORATE,33AKLPR0593G1ZZ,"58 58
bharathiyar salai vanagaram ambattur roa bharathiyar salai vanagaram ambattur roa
keezhayanambakkam, Tamil Nadu, 600095",keezhayanambakkam,TAMIL NADU,,info@dlslogistics.in,,TBB,30,Migration
SH0000421,Active,ASHIRWAD,09-07-2023 15:41,IMMENSE INDUSTRIES INDIA,CORPORATE,27AAGFI8957G1ZW,"GUT NO 549, BEHIND INDIAN OIL PETROL PUMP, NASHIK - MUMBAI HIGHWAY, NEAR CAPITAL FIBRE INDUSTRIES, GUT NO 549 , GONDE DUMALA, Gondedumala, Nashik, Maharashtra, 422403",NASHIK,MAHARASHTRA,,info@dlslogistics.in,info@dlslogistics.in,TBB,30,Migration
SH0000422,Active,ASHIRWAD,09-11-2023 12:53,AIR WATER INDIA PRIVATE LIMITED,CORPORATE,33AAMCA9919K1Z6,"Plot No G 21, Sipcot Industrial Park, Irrungattukottai, Sriperumbudur, Kancheepuram, Tamil Nadu, 602105",KANCHEEPURAM,TAMIL NADU,,info@dlslogistics.in,,TBB,30,Migration
SH0000423,Active,ASHIRWAD,9/13/2023 12:24:31 PM,AARNA ENTERPRISES,CORPORATE,36ATTPG1252G1ZO,"5th Floor, Flat No B 5 H No 8-2-293-82-B-55-A, Gamut Dilluso, Road No 12 Banjara Hills, Banjara Hills, Hyderabad, Hyderabad, Telangana, 500034",HYDERABAD,TELANGANA,,info@dlslogistics.in,info@dlslogistics.in,TBB,30,Migration
SH0000293,Active,MEGSAN,02-08-2022 16:12,MEGSAN LOGISTICS PRIVATE LIMITED,CORPORATE,24AAMCM8132E1ZJ,"A-506, THE PLANET-1, ATLADRA-BIL ROAD, NEAR
PRATHAM RIVERA, BIL, VADODARA, Vadodara, Gujarat,
391410",BARODA,Gujarat,,,info@dlslogistics.in,TBB,5,Migration
SH0000295,Active,CAPS,12/15/2021 1:16:48 PM,MULTIPLEX AGRICARE PRIVATE LIMITED,CORPORATE,29AABCM2333E1ZT,"180, 1ST MAIN ROAD, MAHALAKSHMI LAYOUT EXTN, MAHALAKSHMI LAYOUT, Bengaluru (Bangalore) Urban, Karnataka, 560086",Bengaluru,Karnataka,,,caps@capsandcontainers.com,TOPAY,5,Migration
SH0000297,Active,ECHJAY,7/21/2022 3:24:25 PM,ECHJAY FORGINGS PVT. LTD,CORPORATE,27AAACE1902A1ZH,"ECHJAY FORGINGS PVT. LTD.
MAHARASHTRA HONAD VILLAGE, KHALAPUR TALUKA,
DISTRICT RAIGAD,
KHOPOLI,MAHARASHTRA-410203",KHOPOLI,Maharashtra,,vishal@echjay.commarketing_1@echjay.com,info@dlslogistics.in,TBB,30,Migration
SH0000303,Active,ARMSTRONG,7/20/2022 7:45:47 PM,DESIGN MADE CEILING SYSTEM,CORPORATE,19AAJFD1493R1ZN,"FLAT NO. 403,, 4 TH FLOOR, HARINIGHATA,, BALINDI, NADIA, Nadia, West Bengal, 741246",KOLKATA,West Bengal,,ankit6111@yahoo.in,pramod.chilka@knauf.com;anil.pokale@knauf.com;shashikant.patil@knauf.com;cwhouseindia@knauf.com,TBB,30,Migration
SH0000155,Active,ARMSTRONG,7/20/2022 7:45:47 PM,NEW EDGE REALTY SOLUTIONS,CORPORATE,19AAJFN0045R1ZR,"811, GROUND FLOOR, , REGENT ESTATE, KOLKATA, Kolkata, , West Bengal, 700092",Kolkata,West Bengal,,,pramod.chilka@knauf.com;anil.pokale@knauf.com;shashikant.patil@knauf.com;cwhouseindia@knauf.com,PAID,15,Migration
SH0000368,Active,SURFACES (INDIA) FLOORING,9/21/2022 1:45:16 PM,SURFACES (INDIA) FLOORING PVT. LTD.,CORPORATE,27AALCS1717L1Z0,"14, MAHAKALI ESTATE, MAHAKALI CAVES ROAD, ANDHERI EAST, Mumbai Suburban, Maharashtra, 400093",BHIWANDI,Maharashtra,9920060094,info@surfacesindia.co.in,info@dlslogistics.in,TBB,30,Migration
SH0000369,Active,ORIENTAL,1/19/2024 1:42:27 PM,TAWAKKAL WOOD PRODUCTS PVT LTD,Hemant,27AAACT5193N1ZS,"SURVEY NO.47, TALUKA SHAHPUR, VILLAGE AGHAI, Thane, Maharashtra, 421601",THANE,Maharashtra,8010246933,info@dlslogistics.in,info@dlslogistics.in,TBB,30,Migration
SH0000370,Active,ORIENTAL,1/19/2024 1:42:19 PM,ORIENTAL RAIL INFRASTRUCTURE LIMITED,Hemant,27AAACO0490M1Z9,"SURVEY NO. 49, VILLAGE AGHAI, TALUKA SHAHPUR, Thane, Maharashtra, 421601",Thane,Maharashtra,8010246933,info@dlslogistics.in,info@dlslogistics.in,TBB,30,Migration
SH0000371,Active,ASHA RAM,11/28/2022 6:35:38 PM,ASHA RAM & SONS PVT LTD,CORPORATE,27AABCA3358B1Z4,"H. NO. 899, GALA NO. 8, GROUND FLOOR, BLDG NO. 10, PIMPLAS, Bhiwandi, Thane, Maharashtra, 421302",Thane,Maharashtra,8287393562,info@dlslogistics.in,info@dlslogistics.in,TBB,30,Migration
SH0000372,Active,TIMEZONE,1/19/2024 1:42:15 PM,TIMEZONE ENTERTAINMENT PRIVATE LIMITED,Hemant,27AABCT9012F1ZI,"305 B WING, 3RD FLOOR, EUREKA TOWER BUILDING NO 7, MIND SPACE LINKING ROAD BEHIND INORBIT MALL, MALAD WEST, Mumbai Suburban, Maharashtra, 400064",MUMBAI,MAHARASHTRA,80102 46933,info@dlslogistics.in,,TBB,30,Migration
SH0000375,Active,VK Patel,12/13/2022 5:32:57 PM,VK PATEL,CORPORATE,27AACFV2700L1Z7,"PLOT NO 1920, MSSIDC, VILLAGE GHANDRE, TALUKA WADA, WADA, Palghar, Maharashtra, 421303",,MAHARASHTRA,80102 46933,awanish.rai@kalpatarudoors.com,awanish.rai@kalpatarudoors.com,TBB,30,Migration
SH0000376,Active,VK Patel,12/13/2022 5:38:28 PM,Dzire Wood Products India,CORPORATE,06ATHPG6906B1Z2,"RAM NAGAR, DHATURI ROAD GANNAUR, SONIPAT, Sonipat, Haryana, 131101",,HARYANA,,hemant@dlslogistics.in,,TBB,30,Migration
SH0000379,Active,ARMSTRONG,01-02-2023 11:05,TECHNOCRATS,CORPORATE,24AAOFT0472H1Z3,"A-201, MONARCH, NEAR KALPVRUKSH GARDEN, GAURAVPATH ROAD, PAL, Surat, Gujarat, 395007",Surat,GUJARAT,,info@dlslogistics.in,info@dlslogistics.in,TBB,30,Migration
SH0000380,Active,VK Patel,01-02-2023 17:55,M/S NANDI BUILDWELL PRIVATE LIMITED,CORPORATE,09AADCN4477C1ZF,"376, 1 st FLOOR, SURKHA, Bareilly, Uttar Pradesh, 243001",Bareilly,UTTAR PRADESH,,hemant@dlslogistics.in,"info@dlslogistics.in,HEMANT@DLSLOGISTICS.IN",TBB,30,Migration
SH0000381,Active,Nandan Ground Support,1/21/2023 1:23:08 PM,NANDAN GROUND SUPPORT EQUIPMENT PVT LTD,CORPORATE,27AABCN6540Q1ZY,"PLOT NO D-205, MIDC, TTC INDUSTRIAL ESTATE, TURBHE, Thane, Maharashtra, 400705",,Maharashtra,,accounts@nandan.co.in,"info@dlslogistics.in,ACCOUNTS@NANDAN.CO.IN",TBB,30,Migration
